series_id,series_name,date,value,mom_change,yoy_change,rolling_12mo_change,mom_36mo_avg,mom_12mo_avg
CPIAUCSL,CPI-U: All Items,1980-01-01,78.0,,,,,
CPIAUCSL,CPI-U: All Items,1980-02-01,79.0,1.2821,,,1.2821,1.2821
CPIAUCSL,CPI-U: All Items,1980-03-01,80.1,1.3924,,,1.3372,1.3372
CPIAUCSL,CPI-U: All Items,1980-04-01,80.9,0.9988,,,1.2244,1.2244
CPIAUCSL,CPI-U: All Items,1980-05-01,81.7,0.9889,,,1.1655,1.1655
CPIAUCSL,CPI-U: All Items,1980-06-01,82.5,0.9792,,,1.1283,1.1283
CPIAUCSL,CPI-U: All Items,1980-07-01,82.6,0.1212,,,0.9604,0.9604
CPIAUCSL,CPI-U: All Items,1980-08-01,83.2,0.7264,,,0.927,0.927
CPIAUCSL,CPI-U: All Items,1980-09-01,83.9,0.8413,,,0.9163,0.9163
CPIAUCSL,CPI-U: All Items,1980-10-01,84.7,0.9535,,,0.9204,0.9204
CPIAUCSL,CPI-U: All Items,1980-11-01,85.6,1.0626,,,0.9346,0.9346
CPIAUCSL,CPI-U: All Items,1980-12-01,86.4,0.9346,,,0.9346,0.9346
CPIAUCSL,CPI-U: All Items,1981-01-01,87.2,0.9259,11.7949,11.7949,0.9339,0.9339
CPIAUCSL,CPI-U: All Items,1981-02-01,88.0,0.9174,11.3924,11.3924,0.9326,0.9035
CPIAUCSL,CPI-U: All Items,1981-03-01,88.6,0.6818,10.6117,10.6117,0.9147,0.8443
CPIAUCSL,CPI-U: All Items,1981-04-01,89.1,0.5643,10.136,10.136,0.8914,0.8081
CPIAUCSL,CPI-U: All Items,1981-05-01,89.7,0.6734,9.7919,9.7919,0.8777,0.7818
CPIAUCSL,CPI-U: All Items,1981-06-01,90.5,0.8919,9.697,9.697,0.8786,0.7745
CPIAUCSL,CPI-U: All Items,1981-07-01,91.5,1.105,10.7748,10.7748,0.8911,0.8565
CPIAUCSL,CPI-U: All Items,1981-08-01,92.2,0.765,10.8173,10.8173,0.8845,0.8597
CPIAUCSL,CPI-U: All Items,1981-09-01,93.1,0.9761,10.9654,10.9654,0.8891,0.871
CPIAUCSL,CPI-U: All Items,1981-10-01,93.4,0.3222,10.2715,10.2715,0.8621,0.8184
CPIAUCSL,CPI-U: All Items,1981-11-01,93.8,0.4283,9.5794,9.5794,0.8424,0.7655
CPIAUCSL,CPI-U: All Items,1981-12-01,94.1,0.3198,8.912,8.912,0.8197,0.7143
CPIAUCSL,CPI-U: All Items,1982-01-01,94.4,0.3188,8.2569,8.2569,0.7988,0.6637
CPIAUCSL,CPI-U: All Items,1982-02-01,94.7,0.3178,7.6136,7.6136,0.7795,0.6137
CPIAUCSL,CPI-U: All Items,1982-03-01,94.7,0.0,6.8849,6.8849,0.7496,0.5569
CPIAUCSL,CPI-U: All Items,1982-04-01,95.0,0.3168,6.6218,6.6218,0.7335,0.5363
CPIAUCSL,CPI-U: All Items,1982-05-01,95.9,0.9474,6.9119,6.9119,0.7412,0.5591
CPIAUCSL,CPI-U: All Items,1982-06-01,97.0,1.147,7.1823,7.1823,0.7552,0.5804
CPIAUCSL,CPI-U: All Items,1982-07-01,97.5,0.5155,6.5574,6.5574,0.7472,0.5312
CPIAUCSL,CPI-U: All Items,1982-08-01,97.7,0.2051,5.9653,5.9653,0.7297,0.4846
CPIAUCSL,CPI-U: All Items,1982-09-01,97.7,0.0,4.9409,4.9409,0.7069,0.4032
CPIAUCSL,CPI-U: All Items,1982-10-01,98.1,0.4094,5.0321,5.0321,0.6979,0.4105
CPIAUCSL,CPI-U: All Items,1982-11-01,98.0,-0.1019,4.4776,4.4776,0.6744,0.3663
CPIAUCSL,CPI-U: All Items,1982-12-01,97.7,-0.3061,3.8257,3.8257,0.6463,0.3141
CPIAUCSL,CPI-U: All Items,1983-01-01,97.9,0.2047,3.7076,3.7076,0.6341,0.3046
CPIAUCSL,CPI-U: All Items,1983-02-01,98.0,0.1021,3.4847,3.4847,0.6013,0.2867
CPIAUCSL,CPI-U: All Items,1983-03-01,98.1,0.102,3.5903,3.5903,0.5655,0.2952
CPIAUCSL,CPI-U: All Items,1983-04-01,98.8,0.7136,4.0,4.0,0.5575,0.3282
CPIAUCSL,CPI-U: All Items,1983-05-01,99.2,0.4049,3.4411,3.4411,0.5413,0.283
CPIAUCSL,CPI-U: All Items,1983-06-01,99.4,0.2016,2.4742,2.4742,0.5197,0.2042
CPIAUCSL,CPI-U: All Items,1983-07-01,99.8,0.4024,2.359,2.359,0.5275,0.1948
CPIAUCSL,CPI-U: All Items,1983-08-01,100.1,0.3006,2.4565,2.4565,0.5157,0.2028
CPIAUCSL,CPI-U: All Items,1983-09-01,100.4,0.2997,2.7636,2.7636,0.5006,0.2277
CPIAUCSL,CPI-U: All Items,1983-10-01,100.8,0.3984,2.7523,2.7523,0.4852,0.2268
CPIAUCSL,CPI-U: All Items,1983-11-01,101.1,0.2976,3.1633,3.1633,0.464,0.2601
CPIAUCSL,CPI-U: All Items,1983-12-01,101.4,0.2967,3.7871,3.7871,0.4463,0.3104
CPIAUCSL,CPI-U: All Items,1984-01-01,102.1,0.6903,4.2901,4.2901,0.4397,0.3508
CPIAUCSL,CPI-U: All Items,1984-02-01,102.6,0.4897,4.6939,4.6939,0.4278,0.3831
CPIAUCSL,CPI-U: All Items,1984-03-01,102.9,0.2924,4.893,4.893,0.417,0.399
CPIAUCSL,CPI-U: All Items,1984-04-01,103.3,0.3887,4.5547,4.5547,0.4121,0.3719
CPIAUCSL,CPI-U: All Items,1984-05-01,103.5,0.1936,4.3347,4.3347,0.3988,0.3543
CPIAUCSL,CPI-U: All Items,1984-06-01,103.7,0.1932,4.326,4.326,0.3794,0.3536
CPIAUCSL,CPI-U: All Items,1984-07-01,104.1,0.3857,4.3086,4.3086,0.3594,0.3522
CPIAUCSL,CPI-U: All Items,1984-08-01,104.4,0.2882,4.2957,4.2957,0.3462,0.3512
CPIAUCSL,CPI-U: All Items,1984-09-01,104.7,0.2874,4.2829,4.2829,0.327,0.3502
CPIAUCSL,CPI-U: All Items,1984-10-01,105.1,0.382,4.2659,4.2659,0.3287,0.3488
CPIAUCSL,CPI-U: All Items,1984-11-01,105.3,0.1903,4.1543,4.1543,0.3221,0.3399
CPIAUCSL,CPI-U: All Items,1984-12-01,105.5,0.1899,4.0434,4.0434,0.3185,0.331
CPIAUCSL,CPI-U: All Items,1985-01-01,105.7,0.1896,3.526,3.526,0.3149,0.2892
CPIAUCSL,CPI-U: All Items,1985-02-01,106.3,0.5676,3.6062,3.6062,0.3218,0.2957
CPIAUCSL,CPI-U: All Items,1985-03-01,106.8,0.4704,3.7901,3.7901,0.3349,0.3106
CPIAUCSL,CPI-U: All Items,1985-04-01,107.0,0.1873,3.5818,3.5818,0.3313,0.2938
CPIAUCSL,CPI-U: All Items,1985-05-01,107.2,0.1869,3.5749,3.5749,0.3102,0.2932
CPIAUCSL,CPI-U: All Items,1985-06-01,107.5,0.2799,3.6644,3.6644,0.2861,0.3004
CPIAUCSL,CPI-U: All Items,1985-07-01,107.7,0.186,3.4582,3.4582,0.2769,0.2838
CPIAUCSL,CPI-U: All Items,1985-08-01,107.9,0.1857,3.3525,3.3525,0.2764,0.2752
CPIAUCSL,CPI-U: All Items,1985-09-01,108.1,0.1854,3.2474,3.2474,0.2816,0.2667
CPIAUCSL,CPI-U: All Items,1985-10-01,108.5,0.37,3.235,3.235,0.2805,0.2657
CPIAUCSL,CPI-U: All Items,1985-11-01,109.0,0.4608,3.5138,3.5138,0.2961,0.2883
CPIAUCSL,CPI-U: All Items,1985-12-01,109.5,0.4587,3.7915,3.7915,0.3173,0.3107
CPIAUCSL,CPI-U: All Items,1986-01-01,109.9,0.3653,3.9735,3.9735,0.3218,0.3253
CPIAUCSL,CPI-U: All Items,1986-02-01,109.7,-0.182,3.1985,3.1985,0.3139,0.2629
CPIAUCSL,CPI-U: All Items,1986-03-01,109.1,-0.5469,2.1536,2.1536,0.2959,0.1781
CPIAUCSL,CPI-U: All Items,1986-04-01,108.7,-0.3666,1.5888,1.5888,0.2659,0.1319
CPIAUCSL,CPI-U: All Items,1986-05-01,109.0,0.276,1.6791,1.6791,0.2623,0.1394
CPIAUCSL,CPI-U: All Items,1986-06-01,109.4,0.367,1.7674,1.7674,0.2669,0.1466
CPIAUCSL,CPI-U: All Items,1986-07-01,109.5,0.0914,1.6713,1.6713,0.2583,0.1387
CPIAUCSL,CPI-U: All Items,1986-08-01,109.6,0.0913,1.5755,1.5755,0.2524,0.1309
CPIAUCSL,CPI-U: All Items,1986-09-01,110.0,0.365,1.7576,1.7576,0.2543,0.1458
CPIAUCSL,CPI-U: All Items,1986-10-01,110.2,0.1818,1.5668,1.5668,0.2482,0.1301
CPIAUCSL,CPI-U: All Items,1986-11-01,110.4,0.1815,1.2844,1.2844,0.245,0.1069
CPIAUCSL,CPI-U: All Items,1986-12-01,110.8,0.3623,1.1872,1.1872,0.2468,0.0988
CPIAUCSL,CPI-U: All Items,1987-01-01,111.4,0.5415,1.3649,1.3649,0.2427,0.1135
CPIAUCSL,CPI-U: All Items,1987-02-01,111.8,0.3591,1.9143,1.9143,0.2391,0.1586
CPIAUCSL,CPI-U: All Items,1987-03-01,112.2,0.3578,2.8414,2.8414,0.2409,0.234
CPIAUCSL,CPI-U: All Items,1987-04-01,112.7,0.4456,3.6799,3.6799,0.2425,0.3017
CPIAUCSL,CPI-U: All Items,1987-05-01,113.0,0.2662,3.6697,3.6697,0.2445,0.3009
CPIAUCSL,CPI-U: All Items,1987-06-01,113.5,0.4425,3.7477,3.7477,0.2514,0.3072
CPIAUCSL,CPI-U: All Items,1987-07-01,113.8,0.2643,3.9269,3.9269,0.248,0.3216
CPIAUCSL,CPI-U: All Items,1987-08-01,114.3,0.4394,4.2883,4.2883,0.2522,0.3506
CPIAUCSL,CPI-U: All Items,1987-09-01,114.7,0.35,4.2727,4.2727,0.254,0.3493
CPIAUCSL,CPI-U: All Items,1987-10-01,115.0,0.2616,4.3557,4.3557,0.2506,0.356
CPIAUCSL,CPI-U: All Items,1987-11-01,115.4,0.3478,4.529,4.529,0.255,0.3698
CPIAUCSL,CPI-U: All Items,1987-12-01,115.6,0.1733,4.3321,4.3321,0.2545,0.3541
CPIAUCSL,CPI-U: All Items,1988-01-01,116.0,0.346,4.1293,4.1293,0.2589,0.3378
CPIAUCSL,CPI-U: All Items,1988-02-01,116.2,0.1724,3.9356,3.9356,0.2479,0.3222
CPIAUCSL,CPI-U: All Items,1988-03-01,116.5,0.2582,3.8324,3.8324,0.242,0.3139
CPIAUCSL,CPI-U: All Items,1988-04-01,117.2,0.6009,3.9929,3.9929,0.2535,0.3269
CPIAUCSL,CPI-U: All Items,1988-05-01,117.5,0.256,3.9823,3.9823,0.2554,0.326
CPIAUCSL,CPI-U: All Items,1988-06-01,118.0,0.4255,3.9648,3.9648,0.2595,0.3246
CPIAUCSL,CPI-U: All Items,1988-07-01,118.5,0.4237,4.1301,4.1301,0.2661,0.3379
CPIAUCSL,CPI-U: All Items,1988-08-01,119.0,0.4219,4.112,4.112,0.2726,0.3364
CPIAUCSL,CPI-U: All Items,1988-09-01,119.5,0.4202,4.1848,4.1848,0.2791,0.3423
CPIAUCSL,CPI-U: All Items,1988-10-01,119.9,0.3347,4.2609,4.2609,0.2782,0.3484
CPIAUCSL,CPI-U: All Items,1988-11-01,120.3,0.3336,4.2461,4.2461,0.2746,0.3472
CPIAUCSL,CPI-U: All Items,1988-12-01,120.7,0.3325,4.4118,4.4118,0.2711,0.3605
CPIAUCSL,CPI-U: All Items,1989-01-01,121.2,0.4143,4.4828,4.4828,0.2725,0.3662
CPIAUCSL,CPI-U: All Items,1989-02-01,121.6,0.33,4.6472,4.6472,0.2867,0.3793
CPIAUCSL,CPI-U: All Items,1989-03-01,122.2,0.4934,4.8927,4.8927,0.3156,0.3989
CPIAUCSL,CPI-U: All Items,1989-04-01,123.1,0.7365,5.0341,5.0341,0.3463,0.4102
CPIAUCSL,CPI-U: All Items,1989-05-01,123.7,0.4874,5.2766,5.2766,0.3521,0.4295
CPIAUCSL,CPI-U: All Items,1989-06-01,124.1,0.3234,5.1695,5.1695,0.3509,0.421
CPIAUCSL,CPI-U: All Items,1989-07-01,124.5,0.3223,5.0633,5.0633,0.3573,0.4125
CPIAUCSL,CPI-U: All Items,1989-08-01,124.5,0.0,4.6218,4.6218,0.3548,0.3774
CPIAUCSL,CPI-U: All Items,1989-09-01,124.8,0.241,4.4351,4.4351,0.3513,0.3624
CPIAUCSL,CPI-U: All Items,1989-10-01,125.4,0.4808,4.5872,4.5872,0.3597,0.3746
CPIAUCSL,CPI-U: All Items,1989-11-01,125.9,0.3987,4.655,4.655,0.3657,0.38
CPIAUCSL,CPI-U: All Items,1989-12-01,126.3,0.3177,4.6396,4.6396,0.3644,0.3788
CPIAUCSL,CPI-U: All Items,1990-01-01,127.5,0.9501,5.198,5.198,0.3758,0.4234
CPIAUCSL,CPI-U: All Items,1990-02-01,128.0,0.3922,5.2632,5.2632,0.3767,0.4286
CPIAUCSL,CPI-U: All Items,1990-03-01,128.6,0.4687,5.2373,5.2373,0.3798,0.4266
CPIAUCSL,CPI-U: All Items,1990-04-01,128.9,0.2333,4.7116,4.7116,0.3739,0.3846
CPIAUCSL,CPI-U: All Items,1990-05-01,129.1,0.1552,4.3654,4.3654,0.3708,0.3569
CPIAUCSL,CPI-U: All Items,1990-06-01,129.9,0.6197,4.6737,4.6737,0.3757,0.3816
CPIAUCSL,CPI-U: All Items,1990-07-01,130.5,0.4619,4.8193,4.8193,0.3812,0.3933
CPIAUCSL,CPI-U: All Items,1990-08-01,131.6,0.8429,5.7028,5.7028,0.3924,0.4635
CPIAUCSL,CPI-U: All Items,1990-09-01,132.5,0.6839,6.1699,6.1699,0.4017,0.5004
CPIAUCSL,CPI-U: All Items,1990-10-01,133.4,0.6792,6.3796,6.3796,0.4133,0.517
CPIAUCSL,CPI-U: All Items,1990-11-01,133.7,0.2249,6.1954,6.1954,0.4099,0.5025
CPIAUCSL,CPI-U: All Items,1990-12-01,134.2,0.374,6.2549,6.2549,0.4155,0.5072
CPIAUCSL,CPI-U: All Items,1991-01-01,134.7,0.3726,5.6471,5.6471,0.4162,0.459
CPIAUCSL,CPI-U: All Items,1991-02-01,134.8,0.0742,5.3125,5.3125,0.4135,0.4325
CPIAUCSL,CPI-U: All Items,1991-03-01,134.8,0.0,4.8212,4.8212,0.4063,0.3935
CPIAUCSL,CPI-U: All Items,1991-04-01,135.1,0.2226,4.8099,4.8099,0.3958,0.3926
CPIAUCSL,CPI-U: All Items,1991-05-01,135.6,0.3701,5.0349,5.0349,0.399,0.4105
CPIAUCSL,CPI-U: All Items,1991-06-01,136.0,0.295,4.6959,4.6959,0.3953,0.3834
CPIAUCSL,CPI-U: All Items,1991-07-01,136.2,0.1471,4.3678,4.3678,0.3877,0.3572
CPIAUCSL,CPI-U: All Items,1991-08-01,136.6,0.2937,3.7994,3.7994,0.3841,0.3114
CPIAUCSL,CPI-U: All Items,1991-09-01,137.0,0.2928,3.3962,3.3962,0.3806,0.2788
CPIAUCSL,CPI-U: All Items,1991-10-01,137.2,0.146,2.8486,2.8486,0.3753,0.2344
CPIAUCSL,CPI-U: All Items,1991-11-01,137.8,0.4373,3.0666,3.0666,0.3782,0.2521
CPIAUCSL,CPI-U: All Items,1991-12-01,138.2,0.2903,2.9806,2.9806,0.377,0.2451
CPIAUCSL,CPI-U: All Items,1992-01-01,138.3,0.0724,2.6726,2.6726,0.3675,0.2201
CPIAUCSL,CPI-U: All Items,1992-02-01,138.6,0.2169,2.819,2.819,0.3644,0.232
CPIAUCSL,CPI-U: All Items,1992-03-01,139.1,0.3608,3.1899,3.1899,0.3607,0.2621
CPIAUCSL,CPI-U: All Items,1992-04-01,139.4,0.2157,3.1828,3.1828,0.3462,0.2615
CPIAUCSL,CPI-U: All Items,1992-05-01,139.7,0.2152,3.0236,3.0236,0.3387,0.2486
CPIAUCSL,CPI-U: All Items,1992-06-01,140.1,0.2863,3.0147,3.0147,0.3376,0.2479
CPIAUCSL,CPI-U: All Items,1992-07-01,140.5,0.2855,3.1571,3.1571,0.3366,0.2594
CPIAUCSL,CPI-U: All Items,1992-08-01,140.8,0.2135,3.0747,3.0747,0.3426,0.2527
CPIAUCSL,CPI-U: All Items,1992-09-01,141.1,0.2131,2.9927,2.9927,0.3418,0.2461
CPIAUCSL,CPI-U: All Items,1992-10-01,141.7,0.4252,3.2799,3.2799,0.3402,0.2693
CPIAUCSL,CPI-U: All Items,1992-11-01,142.1,0.2823,3.1205,3.1205,0.337,0.2564
CPIAUCSL,CPI-U: All Items,1992-12-01,142.3,0.1407,2.9667,2.9667,0.3321,0.244
CPIAUCSL,CPI-U: All Items,1993-01-01,142.8,0.3514,3.2538,3.2538,0.3155,0.2672
CPIAUCSL,CPI-U: All Items,1993-02-01,143.1,0.2101,3.2468,3.2468,0.3104,0.2666
CPIAUCSL,CPI-U: All Items,1993-03-01,143.3,0.1398,3.0194,3.0194,0.3013,0.2482
CPIAUCSL,CPI-U: All Items,1993-04-01,143.8,0.3489,3.1564,3.1564,0.3045,0.2593
CPIAUCSL,CPI-U: All Items,1993-05-01,144.2,0.2782,3.2212,3.2212,0.3079,0.2646
CPIAUCSL,CPI-U: All Items,1993-06-01,144.3,0.0693,2.9979,2.9979,0.2926,0.2465
CPIAUCSL,CPI-U: All Items,1993-07-01,144.5,0.1386,2.847,2.847,0.2836,0.2343
CPIAUCSL,CPI-U: All Items,1993-08-01,144.8,0.2076,2.8409,2.8409,0.266,0.2338
CPIAUCSL,CPI-U: All Items,1993-09-01,145.0,0.1381,2.764,2.764,0.2508,0.2275
CPIAUCSL,CPI-U: All Items,1993-10-01,145.6,0.4138,2.7523,2.7523,0.2434,0.2266
CPIAUCSL,CPI-U: All Items,1993-11-01,146.0,0.2747,2.7445,2.7445,0.2448,0.2259
CPIAUCSL,CPI-U: All Items,1993-12-01,146.3,0.2055,2.811,2.811,0.2401,0.2313
CPIAUCSL,CPI-U: All Items,1994-01-01,146.3,0.0,2.451,2.451,0.2298,0.2021
CPIAUCSL,CPI-U: All Items,1994-02-01,146.7,0.2734,2.5157,2.5157,0.2353,0.2073
CPIAUCSL,CPI-U: All Items,1994-03-01,147.1,0.2727,2.6518,2.6518,0.2429,0.2184
CPIAUCSL,CPI-U: All Items,1994-04-01,147.2,0.068,2.3644,2.3644,0.2386,0.195
CPIAUCSL,CPI-U: All Items,1994-05-01,147.5,0.2038,2.2885,2.2885,0.234,0.1888
CPIAUCSL,CPI-U: All Items,1994-06-01,147.9,0.2712,2.4948,2.4948,0.2333,0.2056
CPIAUCSL,CPI-U: All Items,1994-07-01,148.4,0.3381,2.699,2.699,0.2386,0.2222
CPIAUCSL,CPI-U: All Items,1994-08-01,149.0,0.4043,2.9006,2.9006,0.2417,0.2386
CPIAUCSL,CPI-U: All Items,1994-09-01,149.3,0.2013,2.9655,2.9655,0.2392,0.2439
CPIAUCSL,CPI-U: All Items,1994-10-01,149.4,0.067,2.6099,2.6099,0.237,0.215
CPIAUCSL,CPI-U: All Items,1994-11-01,149.8,0.2677,2.6027,2.6027,0.2323,0.2144
CPIAUCSL,CPI-U: All Items,1994-12-01,150.1,0.2003,2.5974,2.5974,0.2298,0.214
CPIAUCSL,CPI-U: All Items,1995-01-01,150.5,0.2665,2.8708,2.8708,0.2352,0.2362
CPIAUCSL,CPI-U: All Items,1995-02-01,150.9,0.2658,2.863,2.863,0.2365,0.2356
CPIAUCSL,CPI-U: All Items,1995-03-01,151.2,0.1988,2.7872,2.7872,0.232,0.2294
CPIAUCSL,CPI-U: All Items,1995-04-01,151.8,0.3968,3.125,3.125,0.237,0.2568
CPIAUCSL,CPI-U: All Items,1995-05-01,152.1,0.1976,3.1186,3.1186,0.2366,0.2563
CPIAUCSL,CPI-U: All Items,1995-06-01,152.4,0.1972,3.0426,3.0426,0.2341,0.2501
CPIAUCSL,CPI-U: All Items,1995-07-01,152.6,0.1312,2.8302,2.8302,0.2298,0.2329
CPIAUCSL,CPI-U: All Items,1995-08-01,152.9,0.1966,2.6174,2.6174,0.2293,0.2156
CPIAUCSL,CPI-U: All Items,1995-09-01,153.1,0.1308,2.5452,2.5452,0.227,0.2097
CPIAUCSL,CPI-U: All Items,1995-10-01,153.5,0.2613,2.7443,2.7443,0.2225,0.2259
CPIAUCSL,CPI-U: All Items,1995-11-01,153.7,0.1303,2.6035,2.6035,0.2183,0.2144
CPIAUCSL,CPI-U: All Items,1995-12-01,153.9,0.1301,2.5316,2.5316,0.218,0.2086
CPIAUCSL,CPI-U: All Items,1996-01-01,154.7,0.5198,2.7907,2.7907,0.2226,0.2297
CPIAUCSL,CPI-U: All Items,1996-02-01,155.0,0.1939,2.717,2.717,0.2222,0.2237
CPIAUCSL,CPI-U: All Items,1996-03-01,155.5,0.3226,2.8439,2.8439,0.2273,0.234
CPIAUCSL,CPI-U: All Items,1996-04-01,156.1,0.3859,2.8327,2.8327,0.2283,0.2331
CPIAUCSL,CPI-U: All Items,1996-05-01,156.4,0.1922,2.8271,2.8271,0.2259,0.2327
CPIAUCSL,CPI-U: All Items,1996-06-01,156.7,0.1918,2.8215,2.8215,0.2293,0.2322
CPIAUCSL,CPI-U: All Items,1996-07-01,157.0,0.1914,2.8834,2.8834,0.2308,0.2372
CPIAUCSL,CPI-U: All Items,1996-08-01,157.2,0.1274,2.8123,2.8123,0.2286,0.2315
CPIAUCSL,CPI-U: All Items,1996-09-01,157.7,0.3181,3.0046,3.0046,0.2336,0.2471
CPIAUCSL,CPI-U: All Items,1996-10-01,158.2,0.3171,3.0619,3.0619,0.2309,0.2517
CPIAUCSL,CPI-U: All Items,1996-11-01,158.7,0.3161,3.2531,3.2531,0.232,0.2672
CPIAUCSL,CPI-U: All Items,1996-12-01,159.1,0.252,3.3788,3.3788,0.2333,0.2774
CPIAUCSL,CPI-U: All Items,1997-01-01,159.4,0.1886,3.0381,3.0381,0.2385,0.2497
CPIAUCSL,CPI-U: All Items,1997-02-01,159.7,0.1882,3.0323,3.0323,0.2362,0.2493
CPIAUCSL,CPI-U: All Items,1997-03-01,159.8,0.0626,2.7653,2.7653,0.2303,0.2276
CPIAUCSL,CPI-U: All Items,1997-04-01,159.9,0.0626,2.4343,2.4343,0.2302,0.2007
CPIAUCSL,CPI-U: All Items,1997-05-01,159.9,0.0,2.2379,2.2379,0.2245,0.1847
CPIAUCSL,CPI-U: All Items,1997-06-01,160.2,0.1876,2.2336,2.2336,0.2222,0.1843
CPIAUCSL,CPI-U: All Items,1997-07-01,160.4,0.1248,2.1656,2.1656,0.2163,0.1788
CPIAUCSL,CPI-U: All Items,1997-08-01,160.8,0.2494,2.2901,2.2901,0.212,0.1889
CPIAUCSL,CPI-U: All Items,1997-09-01,161.2,0.2488,2.2194,2.2194,0.2133,0.1831
CPIAUCSL,CPI-U: All Items,1997-10-01,161.5,0.1861,2.086,2.086,0.2166,0.1722
CPIAUCSL,CPI-U: All Items,1997-11-01,161.7,0.1238,1.8904,1.8904,0.2126,0.1562
CPIAUCSL,CPI-U: All Items,1997-12-01,161.8,0.0618,1.697,1.697,0.2088,0.1404
CPIAUCSL,CPI-U: All Items,1998-01-01,162.0,0.1236,1.6311,1.6311,0.2048,0.1349
CPIAUCSL,CPI-U: All Items,1998-02-01,162.0,0.0,1.4402,1.4402,0.1974,0.1193
CPIAUCSL,CPI-U: All Items,1998-03-01,162.0,0.0,1.3767,1.3767,0.1919,0.114
CPIAUCSL,CPI-U: All Items,1998-04-01,162.2,0.1235,1.4384,1.4384,0.1843,0.1191
CPIAUCSL,CPI-U: All Items,1998-05-01,162.6,0.2466,1.6886,1.6886,0.1857,0.1397
CPIAUCSL,CPI-U: All Items,1998-06-01,162.8,0.123,1.623,1.623,0.1836,0.1343
CPIAUCSL,CPI-U: All Items,1998-07-01,163.2,0.2457,1.7456,1.7456,0.1868,0.1444
CPIAUCSL,CPI-U: All Items,1998-08-01,163.4,0.1225,1.6169,1.6169,0.1847,0.1338
CPIAUCSL,CPI-U: All Items,1998-09-01,163.5,0.0612,1.4268,1.4268,0.1828,0.1182
CPIAUCSL,CPI-U: All Items,1998-10-01,163.9,0.2446,1.4861,1.4861,0.1823,0.123
CPIAUCSL,CPI-U: All Items,1998-11-01,164.1,0.122,1.4842,1.4842,0.1821,0.1229
CPIAUCSL,CPI-U: All Items,1998-12-01,164.4,0.1828,1.6069,1.6069,0.1836,0.133
CPIAUCSL,CPI-U: All Items,1999-01-01,164.7,0.1825,1.6667,1.6667,0.1742,0.1379
CPIAUCSL,CPI-U: All Items,1999-02-01,164.7,0.0,1.6667,1.6667,0.1688,0.1379
CPIAUCSL,CPI-U: All Items,1999-03-01,164.8,0.0607,1.7284,1.7284,0.1615,0.1429
CPIAUCSL,CPI-U: All Items,1999-04-01,165.9,0.6675,2.2811,2.2811,0.1694,0.1883
CPIAUCSL,CPI-U: All Items,1999-05-01,166.0,0.0603,2.091,2.091,0.1657,0.1727
CPIAUCSL,CPI-U: All Items,1999-06-01,166.0,0.0,1.9656,1.9656,0.1604,0.1625
CPIAUCSL,CPI-U: All Items,1999-07-01,166.7,0.4217,2.1446,2.1446,0.1668,0.1772
CPIAUCSL,CPI-U: All Items,1999-08-01,167.1,0.24,2.2644,2.2644,0.1699,0.1869
CPIAUCSL,CPI-U: All Items,1999-09-01,167.8,0.4189,2.63,2.63,0.1727,0.2167
CPIAUCSL,CPI-U: All Items,1999-10-01,168.1,0.1788,2.5625,2.5625,0.1688,0.2113
CPIAUCSL,CPI-U: All Items,1999-11-01,168.4,0.1785,2.6204,2.6204,0.165,0.216
CPIAUCSL,CPI-U: All Items,1999-12-01,168.8,0.2375,2.6764,2.6764,0.1646,0.2205
CPIAUCSL,CPI-U: All Items,2000-01-01,169.3,0.2962,2.793,2.793,0.1676,0.23
CPIAUCSL,CPI-U: All Items,2000-02-01,170.0,0.4135,3.218,3.218,0.1739,0.2645
CPIAUCSL,CPI-U: All Items,2000-03-01,171.0,0.5882,3.7621,3.7621,0.1885,0.3084
CPIAUCSL,CPI-U: All Items,2000-04-01,170.9,-0.0585,3.0139,3.0139,0.1851,0.2479
CPIAUCSL,CPI-U: All Items,2000-05-01,171.2,0.1755,3.1325,3.1325,0.19,0.2575
CPIAUCSL,CPI-U: All Items,2000-06-01,172.2,0.5841,3.7349,3.7349,0.201,0.3062
CPIAUCSL,CPI-U: All Items,2000-07-01,172.7,0.2904,3.5993,3.5993,0.2056,0.2953
CPIAUCSL,CPI-U: All Items,2000-08-01,172.7,0.0,3.3513,3.3513,0.1987,0.2753
CPIAUCSL,CPI-U: All Items,2000-09-01,173.6,0.5211,3.4565,3.4565,0.2062,0.2838
CPIAUCSL,CPI-U: All Items,2000-10-01,173.9,0.1728,3.4503,3.4503,0.2059,0.2833
CPIAUCSL,CPI-U: All Items,2000-11-01,174.2,0.1725,3.4442,3.4442,0.2072,0.2828
CPIAUCSL,CPI-U: All Items,2000-12-01,174.6,0.2296,3.436,3.436,0.2119,0.2821
CPIAUCSL,CPI-U: All Items,2001-01-01,175.6,0.5727,3.7212,3.7212,0.2243,0.3052
CPIAUCSL,CPI-U: All Items,2001-02-01,176.0,0.2278,3.5294,3.5294,0.2307,0.2897
CPIAUCSL,CPI-U: All Items,2001-03-01,176.1,0.0568,2.9825,2.9825,0.2323,0.2454
CPIAUCSL,CPI-U: All Items,2001-04-01,176.4,0.1704,3.2183,3.2183,0.2336,0.2645
CPIAUCSL,CPI-U: All Items,2001-05-01,177.3,0.5102,3.5631,3.5631,0.2409,0.2924
CPIAUCSL,CPI-U: All Items,2001-06-01,177.7,0.2256,3.194,3.194,0.2437,0.2625
CPIAUCSL,CPI-U: All Items,2001-07-01,177.4,-0.1688,2.7215,2.7215,0.2322,0.2242
CPIAUCSL,CPI-U: All Items,2001-08-01,177.4,0.0,2.7215,2.7215,0.2288,0.2242
CPIAUCSL,CPI-U: All Items,2001-09-01,178.1,0.3946,2.5922,2.5922,0.2381,0.2137
CPIAUCSL,CPI-U: All Items,2001-10-01,177.6,-0.2807,2.1277,2.1277,0.2235,0.1759
CPIAUCSL,CPI-U: All Items,2001-11-01,177.5,-0.0563,1.8944,1.8944,0.2185,0.1568
CPIAUCSL,CPI-U: All Items,2001-12-01,177.4,-0.0563,1.6037,1.6037,0.2119,0.133
CPIAUCSL,CPI-U: All Items,2002-01-01,177.7,0.1691,1.1959,1.1959,0.2115,0.0994
CPIAUCSL,CPI-U: All Items,2002-02-01,178.0,0.1688,1.1364,1.1364,0.2162,0.0944
CPIAUCSL,CPI-U: All Items,2002-03-01,178.5,0.2809,1.3629,1.3629,0.2223,0.1131
CPIAUCSL,CPI-U: All Items,2002-04-01,179.3,0.4482,1.644,1.644,0.2162,0.1363
CPIAUCSL,CPI-U: All Items,2002-05-01,179.5,0.1115,1.2408,1.2408,0.2176,0.103
CPIAUCSL,CPI-U: All Items,2002-06-01,179.6,0.0557,1.0692,1.0692,0.2192,0.0889
CPIAUCSL,CPI-U: All Items,2002-07-01,180.0,0.2227,1.4656,1.4656,0.2137,0.1215
CPIAUCSL,CPI-U: All Items,2002-08-01,180.5,0.2778,1.7475,1.7475,0.2147,0.1447
CPIAUCSL,CPI-U: All Items,2002-09-01,180.8,0.1662,1.516,1.516,0.2077,0.1256
CPIAUCSL,CPI-U: All Items,2002-10-01,181.2,0.2212,2.027,2.027,0.2089,0.1675
CPIAUCSL,CPI-U: All Items,2002-11-01,181.5,0.1656,2.2535,2.2535,0.2085,0.186
CPIAUCSL,CPI-U: All Items,2002-12-01,181.8,0.1653,2.4803,2.4803,0.2065,0.2044
CPIAUCSL,CPI-U: All Items,2003-01-01,182.6,0.44,2.7575,2.7575,0.2105,0.227
CPIAUCSL,CPI-U: All Items,2003-02-01,183.6,0.5476,3.1461,3.1461,0.2142,0.2586
CPIAUCSL,CPI-U: All Items,2003-03-01,183.9,0.1634,3.0252,3.0252,0.2024,0.2488
CPIAUCSL,CPI-U: All Items,2003-04-01,183.2,-0.3806,2.1751,2.1751,0.1935,0.1797
CPIAUCSL,CPI-U: All Items,2003-05-01,182.9,-0.1638,1.8942,1.8942,0.1841,0.1568
CPIAUCSL,CPI-U: All Items,2003-06-01,183.1,0.1093,1.9488,1.9488,0.1709,0.1612
CPIAUCSL,CPI-U: All Items,2003-07-01,183.7,0.3277,2.0556,2.0556,0.1719,0.17
CPIAUCSL,CPI-U: All Items,2003-08-01,184.5,0.4355,2.2161,2.2161,0.184,0.1831
CPIAUCSL,CPI-U: All Items,2003-09-01,185.1,0.3252,2.3783,2.3783,0.1786,0.1964
CPIAUCSL,CPI-U: All Items,2003-10-01,184.9,-0.108,2.0419,2.0419,0.1708,0.1689
CPIAUCSL,CPI-U: All Items,2003-11-01,185.0,0.0541,1.9284,1.9284,0.1675,0.1596
CPIAUCSL,CPI-U: All Items,2003-12-01,185.5,0.2703,2.0352,2.0352,0.1686,0.1684
CPIAUCSL,CPI-U: All Items,2004-01-01,186.3,0.4313,2.0263,2.0263,0.1647,0.1677
CPIAUCSL,CPI-U: All Items,2004-02-01,186.7,0.2147,1.6885,1.6885,0.1643,0.1399
CPIAUCSL,CPI-U: All Items,2004-03-01,187.1,0.2142,1.7401,1.7401,0.1687,0.1442
CPIAUCSL,CPI-U: All Items,2004-04-01,187.4,0.1603,2.2926,2.2926,0.1684,0.1892
CPIAUCSL,CPI-U: All Items,2004-05-01,188.2,0.4269,2.8978,2.8978,0.1661,0.2385
CPIAUCSL,CPI-U: All Items,2004-06-01,188.9,0.3719,3.1677,3.1677,0.1702,0.2603
CPIAUCSL,CPI-U: All Items,2004-07-01,189.1,0.1059,2.9396,2.9396,0.1778,0.2419
CPIAUCSL,CPI-U: All Items,2004-08-01,189.2,0.0529,2.5474,2.5474,0.1793,0.21
CPIAUCSL,CPI-U: All Items,2004-09-01,189.8,0.3171,2.5392,2.5392,0.1771,0.2093
CPIAUCSL,CPI-U: All Items,2004-10-01,190.8,0.5269,3.1909,3.1909,0.1995,0.2622
CPIAUCSL,CPI-U: All Items,2004-11-01,191.7,0.4717,3.6216,3.6216,0.2142,0.297
CPIAUCSL,CPI-U: All Items,2004-12-01,191.7,0.0,3.3423,3.3423,0.2158,0.2745
CPIAUCSL,CPI-U: All Items,2005-01-01,191.6,-0.0522,2.8449,2.8449,0.2096,0.2342
CPIAUCSL,CPI-U: All Items,2005-02-01,192.4,0.4175,3.053,3.053,0.2165,0.2511
CPIAUCSL,CPI-U: All Items,2005-03-01,193.1,0.3638,3.2068,3.2068,0.2188,0.2636
CPIAUCSL,CPI-U: All Items,2005-04-01,193.7,0.3107,3.3618,3.3618,0.215,0.2761
CPIAUCSL,CPI-U: All Items,2005-05-01,193.6,-0.0516,2.8693,2.8693,0.2105,0.2362
CPIAUCSL,CPI-U: All Items,2005-06-01,193.7,0.0517,2.541,2.541,0.2104,0.2095
CPIAUCSL,CPI-U: All Items,2005-07-01,194.9,0.6195,3.0672,3.0672,0.2214,0.2523
CPIAUCSL,CPI-U: All Items,2005-08-01,196.1,0.6157,3.6469,3.6469,0.2308,0.2992
CPIAUCSL,CPI-U: All Items,2005-09-01,198.8,1.3768,4.7418,4.7418,0.2644,0.3875
CPIAUCSL,CPI-U: All Items,2005-10-01,199.1,0.1509,4.3501,4.3501,0.2625,0.3562
CPIAUCSL,CPI-U: All Items,2005-11-01,198.1,-0.5023,3.3385,3.3385,0.2439,0.2751
CPIAUCSL,CPI-U: All Items,2005-12-01,198.1,0.0,3.3385,3.3385,0.2393,0.2751
CPIAUCSL,CPI-U: All Items,2006-01-01,199.3,0.6058,4.0188,4.0188,0.2439,0.3299
CPIAUCSL,CPI-U: All Items,2006-02-01,199.4,0.0502,3.6383,3.6383,0.2301,0.2993
CPIAUCSL,CPI-U: All Items,2006-03-01,199.7,0.1505,3.4179,3.4179,0.2297,0.2815
CPIAUCSL,CPI-U: All Items,2006-04-01,200.7,0.5008,3.6138,3.6138,0.2542,0.2973
CPIAUCSL,CPI-U: All Items,2006-05-01,201.3,0.299,3.9773,3.9773,0.2671,0.3265
CPIAUCSL,CPI-U: All Items,2006-06-01,201.8,0.2484,4.1817,4.1817,0.2709,0.3429
CPIAUCSL,CPI-U: All Items,2006-07-01,202.9,0.5451,4.1047,4.1047,0.277,0.3367
CPIAUCSL,CPI-U: All Items,2006-08-01,203.8,0.4436,3.9266,3.9266,0.2772,0.3224
CPIAUCSL,CPI-U: All Items,2006-09-01,202.8,-0.4907,2.0121,2.0121,0.2545,0.1668
CPIAUCSL,CPI-U: All Items,2006-10-01,201.9,-0.4438,1.4063,1.4063,0.2452,0.1172
CPIAUCSL,CPI-U: All Items,2006-11-01,202.0,0.0495,1.9687,1.9687,0.2451,0.1632
CPIAUCSL,CPI-U: All Items,2006-12-01,203.1,0.5446,2.524,2.524,0.2527,0.2086
CPIAUCSL,CPI-U: All Items,2007-01-01,203.437,0.1659,2.0758,2.0758,0.2453,0.1719
CPIAUCSL,CPI-U: All Items,2007-02-01,204.226,0.3878,2.4203,2.4203,0.2501,0.2
CPIAUCSL,CPI-U: All Items,2007-03-01,205.288,0.52,2.7982,2.7982,0.2586,0.2308
CPIAUCSL,CPI-U: All Items,2007-04-01,205.904,0.3001,2.5929,2.5929,0.2625,0.2141
CPIAUCSL,CPI-U: All Items,2007-05-01,206.755,0.4133,2.7099,2.7099,0.2621,0.2237
CPIAUCSL,CPI-U: All Items,2007-06-01,207.234,0.2317,2.6928,2.6928,0.2582,0.2223
CPIAUCSL,CPI-U: All Items,2007-07-01,207.603,0.1781,2.3179,2.3179,0.2602,0.1917
CPIAUCSL,CPI-U: All Items,2007-08-01,207.667,0.0308,1.8974,1.8974,0.2596,0.1573
CPIAUCSL,CPI-U: All Items,2007-09-01,208.547,0.4238,2.8338,2.8338,0.2626,0.2335
CPIAUCSL,CPI-U: All Items,2007-10-01,209.19,0.3083,3.6107,3.6107,0.2565,0.2962
CPIAUCSL,CPI-U: All Items,2007-11-01,210.834,0.7859,4.3733,4.3733,0.2653,0.3575
CPIAUCSL,CPI-U: All Items,2007-12-01,211.445,0.2898,4.1088,4.1088,0.2733,0.3363
CPIAUCSL,CPI-U: All Items,2008-01-01,212.174,0.3448,4.2947,4.2947,0.2843,0.3512
CPIAUCSL,CPI-U: All Items,2008-02-01,212.687,0.2418,4.143,4.143,0.2794,0.339
CPIAUCSL,CPI-U: All Items,2008-03-01,213.448,0.3578,3.9749,3.9749,0.2793,0.3255
CPIAUCSL,CPI-U: All Items,2008-04-01,213.942,0.2314,3.9038,3.9038,0.2771,0.3198
CPIAUCSL,CPI-U: All Items,2008-05-01,215.208,0.5917,4.0884,4.0884,0.2949,0.3347
CPIAUCSL,CPI-U: All Items,2008-06-01,217.463,1.0478,4.936,4.936,0.3226,0.4027
CPIAUCSL,CPI-U: All Items,2008-07-01,219.016,0.7141,5.4975,5.4975,0.3252,0.4473
CPIAUCSL,CPI-U: All Items,2008-08-01,218.69,-0.1488,5.308,5.308,0.304,0.4324
CPIAUCSL,CPI-U: All Items,2008-09-01,218.877,0.0855,4.9533,4.9533,0.2681,0.4042
CPIAUCSL,CPI-U: All Items,2008-10-01,216.995,-0.8598,3.7311,3.7311,0.2401,0.3068
CPIAUCSL,CPI-U: All Items,2008-11-01,213.153,-1.7705,1.0999,1.0999,0.2048,0.0938
CPIAUCSL,CPI-U: All Items,2008-12-01,211.398,-0.8234,-0.0222,-0.0222,0.182,0.001
CPIAUCSL,CPI-U: All Items,2009-01-01,211.933,0.2531,-0.1136,-0.1136,0.1722,-0.0066
CPIAUCSL,CPI-U: All Items,2009-02-01,212.705,0.3643,0.0085,0.0085,0.1809,0.0036
CPIAUCSL,CPI-U: All Items,2009-03-01,212.495,-0.0987,-0.4465,-0.4465,0.174,-0.0344
CPIAUCSL,CPI-U: All Items,2009-04-01,212.709,0.1007,-0.5763,-0.5763,0.1629,-0.0453
CPIAUCSL,CPI-U: All Items,2009-05-01,213.022,0.1471,-1.0158,-1.0158,0.1586,-0.0824
CPIAUCSL,CPI-U: All Items,2009-06-01,214.79,0.83,-1.2292,-1.2292,0.1748,-0.1005
CPIAUCSL,CPI-U: All Items,2009-07-01,214.726,-0.0298,-1.9588,-1.9588,0.1588,-0.1625
CPIAUCSL,CPI-U: All Items,2009-08-01,215.445,0.3348,-1.4838,-1.4838,0.1558,-0.1222
CPIAUCSL,CPI-U: All Items,2009-09-01,215.861,0.1931,-1.3779,-1.3779,0.1748,-0.1133
CPIAUCSL,CPI-U: All Items,2009-10-01,216.509,0.3002,-0.224,-0.224,0.1955,-0.0166
CPIAUCSL,CPI-U: All Items,2009-11-01,217.234,0.3349,1.9146,1.9146,0.2034,0.1589
CPIAUCSL,CPI-U: All Items,2009-12-01,217.347,0.052,2.8141,2.8141,0.1897,0.2318
CPIAUCSL,CPI-U: All Items,2010-01-01,217.488,0.0649,2.6211,2.6211,0.1869,0.2161
CPIAUCSL,CPI-U: All Items,2010-02-01,217.281,-0.0952,2.1513,2.1513,0.1735,0.1778
CPIAUCSL,CPI-U: All Items,2010-03-01,217.353,0.0331,2.2862,2.2862,0.16,0.1888
CPIAUCSL,CPI-U: All Items,2010-04-01,217.403,0.023,2.2068,2.2068,0.1523,0.1823
CPIAUCSL,CPI-U: All Items,2010-05-01,217.29,-0.052,2.0035,2.0035,0.1393,0.1658
CPIAUCSL,CPI-U: All Items,2010-06-01,217.199,-0.0419,1.1216,1.1216,0.1317,0.0931
CPIAUCSL,CPI-U: All Items,2010-07-01,217.605,0.1869,1.3408,1.3408,0.132,0.1112
CPIAUCSL,CPI-U: All Items,2010-08-01,217.923,0.1461,1.1502,1.1502,0.1352,0.0954
CPIAUCSL,CPI-U: All Items,2010-09-01,218.275,0.1615,1.1183,1.1183,0.1279,0.0928
CPIAUCSL,CPI-U: All Items,2010-10-01,219.035,0.3482,1.1667,1.1667,0.129,0.0968
CPIAUCSL,CPI-U: All Items,2010-11-01,219.59,0.2534,1.0845,1.0845,0.1142,0.09
CPIAUCSL,CPI-U: All Items,2010-12-01,220.472,0.4017,1.4378,1.4378,0.1173,0.1191
CPIAUCSL,CPI-U: All Items,2011-01-01,221.187,0.3243,1.7008,1.7008,0.1168,0.1408
CPIAUCSL,CPI-U: All Items,2011-02-01,221.898,0.3214,2.1249,2.1249,0.119,0.1755
CPIAUCSL,CPI-U: All Items,2011-03-01,223.046,0.5174,2.6192,2.6192,0.1234,0.2158
CPIAUCSL,CPI-U: All Items,2011-04-01,224.093,0.4694,3.0772,3.0772,0.13,0.253
CPIAUCSL,CPI-U: All Items,2011-05-01,224.806,0.3182,3.459,3.459,0.1224,0.2839
CPIAUCSL,CPI-U: All Items,2011-06-01,224.806,0.0,3.5023,3.5023,0.0933,0.2874
CPIAUCSL,CPI-U: All Items,2011-07-01,225.395,0.262,3.5799,3.5799,0.0808,0.2936
CPIAUCSL,CPI-U: All Items,2011-08-01,226.106,0.3154,3.755,3.755,0.0936,0.3077
CPIAUCSL,CPI-U: All Items,2011-09-01,226.597,0.2172,3.8126,3.8126,0.0973,0.3124
CPIAUCSL,CPI-U: All Items,2011-10-01,226.75,0.0675,3.5223,3.5223,0.1231,0.289
CPIAUCSL,CPI-U: All Items,2011-11-01,227.169,0.1848,3.4514,3.4514,0.1774,0.2833
CPIAUCSL,CPI-U: All Items,2011-12-01,227.223,0.0238,3.0621,3.0621,0.2009,0.2518
CPIAUCSL,CPI-U: All Items,2012-01-01,227.842,0.2724,3.0088,3.0088,0.2014,0.2475
CPIAUCSL,CPI-U: All Items,2012-02-01,228.329,0.2137,2.8982,2.8982,0.1973,0.2385
CPIAUCSL,CPI-U: All Items,2012-03-01,228.807,0.2093,2.5829,2.5829,0.2058,0.2128
CPIAUCSL,CPI-U: All Items,2012-04-01,229.187,0.1661,2.2732,2.2732,0.2076,0.1875
CPIAUCSL,CPI-U: All Items,2012-05-01,228.713,-0.2068,1.7379,1.7379,0.1978,0.1438
CPIAUCSL,CPI-U: All Items,2012-06-01,228.524,-0.0826,1.6539,1.6539,0.1725,0.1369
CPIAUCSL,CPI-U: All Items,2012-07-01,228.59,0.0289,1.4175,1.4175,0.1741,0.1175
CPIAUCSL,CPI-U: All Items,2012-08-01,229.918,0.581,1.6859,1.6859,0.1809,0.1396
CPIAUCSL,CPI-U: All Items,2012-09-01,231.015,0.4771,1.9497,1.9497,0.1888,0.1613
CPIAUCSL,CPI-U: All Items,2012-10-01,231.638,0.2697,2.1557,2.1557,0.188,0.1781
CPIAUCSL,CPI-U: All Items,2012-11-01,231.249,-0.1679,1.796,1.796,0.174,0.1487
CPIAUCSL,CPI-U: All Items,2012-12-01,231.221,-0.0121,1.7595,1.7595,0.1722,0.1457
CPIAUCSL,CPI-U: All Items,2013-01-01,231.679,0.1981,1.6841,1.6841,0.1759,0.1395
CPIAUCSL,CPI-U: All Items,2013-02-01,232.937,0.543,2.0181,2.0181,0.1936,0.167
CPIAUCSL,CPI-U: All Items,2013-03-01,232.282,-0.2812,1.5187,1.5187,0.1849,0.1261
CPIAUCSL,CPI-U: All Items,2013-04-01,231.797,-0.2088,1.1388,1.1388,0.1785,0.0949
CPIAUCSL,CPI-U: All Items,2013-05-01,231.893,0.0414,1.3904,1.3904,0.1811,0.1155
CPIAUCSL,CPI-U: All Items,2013-06-01,232.445,0.238,1.7158,1.7158,0.1888,0.1423
CPIAUCSL,CPI-U: All Items,2013-07-01,232.9,0.1957,1.8855,1.8855,0.1891,0.1562
CPIAUCSL,CPI-U: All Items,2013-08-01,233.456,0.2387,1.5388,1.5388,0.1917,0.1276
CPIAUCSL,CPI-U: All Items,2013-09-01,233.544,0.0377,1.0947,1.0947,0.1882,0.091
CPIAUCSL,CPI-U: All Items,2013-10-01,233.669,0.0535,0.8768,0.8768,0.18,0.073
CPIAUCSL,CPI-U: All Items,2013-11-01,234.1,0.1844,1.2329,1.2329,0.1781,0.1024
CPIAUCSL,CPI-U: All Items,2013-12-01,234.719,0.2644,1.5128,1.5128,0.1743,0.1254
CPIAUCSL,CPI-U: All Items,2014-01-01,235.288,0.2424,1.5578,1.5578,0.172,0.1291
CPIAUCSL,CPI-U: All Items,2014-02-01,235.547,0.1101,1.1205,1.1205,0.1662,0.093
CPIAUCSL,CPI-U: All Items,2014-03-01,236.028,0.2042,1.6127,1.6127,0.1575,0.1335
CPIAUCSL,CPI-U: All Items,2014-04-01,236.468,0.1864,2.0151,2.0151,0.1496,0.1664
CPIAUCSL,CPI-U: All Items,2014-05-01,236.918,0.1903,2.1669,2.1669,0.1461,0.1788
CPIAUCSL,CPI-U: All Items,2014-06-01,237.231,0.1321,2.059,2.059,0.1497,0.17
CPIAUCSL,CPI-U: All Items,2014-07-01,237.498,0.1125,1.9742,1.9742,0.1456,0.1631
CPIAUCSL,CPI-U: All Items,2014-08-01,237.46,-0.016,1.7151,1.7151,0.1364,0.1418
CPIAUCSL,CPI-U: All Items,2014-09-01,237.477,0.0072,1.6841,1.6841,0.1305,0.1393
CPIAUCSL,CPI-U: All Items,2014-10-01,237.43,-0.0198,1.6095,1.6095,0.1281,0.1332
CPIAUCSL,CPI-U: All Items,2014-11-01,236.983,-0.1883,1.2315,1.2315,0.1177,0.1021
CPIAUCSL,CPI-U: All Items,2014-12-01,236.252,-0.3085,0.6531,0.6531,0.1085,0.0544
CPIAUCSL,CPI-U: All Items,2015-01-01,234.747,-0.637,-0.2299,-0.2299,0.0833,-0.0189
CPIAUCSL,CPI-U: All Items,2015-02-01,235.342,0.2535,-0.087,-0.087,0.0844,-0.0069
CPIAUCSL,CPI-U: All Items,2015-03-01,235.976,0.2694,-0.022,-0.022,0.086,-0.0015
CPIAUCSL,CPI-U: All Items,2015-04-01,236.222,0.1042,-0.104,-0.104,0.0843,-0.0084
CPIAUCSL,CPI-U: All Items,2015-05-01,237.001,0.3298,0.035,0.035,0.0992,0.0033
CPIAUCSL,CPI-U: All Items,2015-06-01,237.657,0.2768,0.1796,0.1796,0.1092,0.0153
CPIAUCSL,CPI-U: All Items,2015-07-01,238.034,0.1586,0.2257,0.2257,0.1128,0.0192
CPIAUCSL,CPI-U: All Items,2015-08-01,238.033,-0.0004,0.2413,0.2413,0.0967,0.0205
CPIAUCSL,CPI-U: All Items,2015-09-01,237.498,-0.2248,0.0088,0.0088,0.0772,0.0011
CPIAUCSL,CPI-U: All Items,2015-10-01,237.733,0.0989,0.1276,0.1276,0.0724,0.011
CPIAUCSL,CPI-U: All Items,2015-11-01,238.017,0.1195,0.4363,0.4363,0.0804,0.0367
CPIAUCSL,CPI-U: All Items,2015-12-01,237.761,-0.1076,0.6387,0.6387,0.0777,0.0534
CPIAUCSL,CPI-U: All Items,2016-01-01,237.652,-0.0458,1.2375,1.2375,0.071,0.1027
CPIAUCSL,CPI-U: All Items,2016-02-01,237.336,-0.133,0.8473,0.8473,0.0522,0.0705
CPIAUCSL,CPI-U: All Items,2016-03-01,238.08,0.3135,0.8916,0.8916,0.0687,0.0741
CPIAUCSL,CPI-U: All Items,2016-04-01,238.992,0.3831,1.1726,1.1726,0.0852,0.0974
CPIAUCSL,CPI-U: All Items,2016-05-01,239.557,0.2364,1.0785,1.0785,0.0906,0.0896
CPIAUCSL,CPI-U: All Items,2016-06-01,240.222,0.2776,1.0793,1.0793,0.0917,0.0897
CPIAUCSL,CPI-U: All Items,2016-07-01,240.101,-0.0504,0.8684,0.8684,0.0848,0.0723
CPIAUCSL,CPI-U: All Items,2016-08-01,240.545,0.1849,1.0553,1.0553,0.0833,0.0877
CPIAUCSL,CPI-U: All Items,2016-09-01,241.176,0.2623,1.5486,1.5486,0.0896,0.1283
CPIAUCSL,CPI-U: All Items,2016-10-01,241.741,0.2343,1.6859,1.6859,0.0946,0.1396
CPIAUCSL,CPI-U: All Items,2016-11-01,242.026,0.1179,1.6843,1.6843,0.0927,0.1394
CPIAUCSL,CPI-U: All Items,2016-12-01,242.637,0.2525,2.0508,2.0508,0.0924,0.1694
CPIAUCSL,CPI-U: All Items,2017-01-01,243.618,0.4043,2.5104,2.5104,0.0969,0.2069
CPIAUCSL,CPI-U: All Items,2017-02-01,244.006,0.1593,2.8104,2.8104,0.0983,0.2313
CPIAUCSL,CPI-U: All Items,2017-03-01,243.892,-0.0467,2.4412,2.4412,0.0913,0.2013
CPIAUCSL,CPI-U: All Items,2017-04-01,244.193,0.1234,2.1762,2.1762,0.0896,0.1796
CPIAUCSL,CPI-U: All Items,2017-05-01,244.004,-0.0774,1.8563,1.8563,0.0821,0.1535
CPIAUCSL,CPI-U: All Items,2017-06-01,244.163,0.0652,1.6406,1.6406,0.0803,0.1358
CPIAUCSL,CPI-U: All Items,2017-07-01,244.243,0.0328,1.7251,1.7251,0.078,0.1427
CPIAUCSL,CPI-U: All Items,2017-08-01,245.183,0.3849,1.9281,1.9281,0.0892,0.1594
CPIAUCSL,CPI-U: All Items,2017-09-01,246.435,0.5106,2.1806,2.1806,0.1032,0.1801
CPIAUCSL,CPI-U: All Items,2017-10-01,246.626,0.0775,2.0208,2.0208,0.1059,0.167
CPIAUCSL,CPI-U: All Items,2017-11-01,247.284,0.2668,2.1725,2.1725,0.1185,0.1794
CPIAUCSL,CPI-U: All Items,2017-12-01,247.805,0.2107,2.1299,2.1299,0.1329,0.1759
CPIAUCSL,CPI-U: All Items,2018-01-01,248.859,0.4253,2.1513,2.1513,0.1624,0.1777
CPIAUCSL,CPI-U: All Items,2018-02-01,249.529,0.2692,2.2635,2.2635,0.1629,0.1869
CPIAUCSL,CPI-U: All Items,2018-03-01,249.577,0.0192,2.3309,2.3309,0.1559,0.1924
CPIAUCSL,CPI-U: All Items,2018-04-01,250.227,0.2604,2.471,2.471,0.1603,0.2038
CPIAUCSL,CPI-U: All Items,2018-05-01,250.792,0.2258,2.7819,2.7819,0.1574,0.229
CPIAUCSL,CPI-U: All Items,2018-06-01,251.018,0.0901,2.8076,2.8076,0.1522,0.2311
CPIAUCSL,CPI-U: All Items,2018-07-01,251.214,0.0781,2.8541,2.8541,0.15,0.2349
CPIAUCSL,CPI-U: All Items,2018-08-01,251.663,0.1787,2.6429,2.6429,0.1549,0.2177
CPIAUCSL,CPI-U: All Items,2018-09-01,252.182,0.2062,2.3321,2.3321,0.1669,0.1923
CPIAUCSL,CPI-U: All Items,2018-10-01,252.772,0.234,2.492,2.492,0.1707,0.2054
CPIAUCSL,CPI-U: All Items,2018-11-01,252.594,-0.0704,2.1473,2.1473,0.1654,0.1773
CPIAUCSL,CPI-U: All Items,2018-12-01,252.767,0.0685,2.0024,2.0024,0.1703,0.1654
CPIAUCSL,CPI-U: All Items,2019-01-01,252.561,-0.0815,1.4876,1.4876,0.1693,0.1232
CPIAUCSL,CPI-U: All Items,2019-02-01,253.319,0.3001,1.5189,1.5189,0.1813,0.1258
CPIAUCSL,CPI-U: All Items,2019-03-01,254.277,0.3782,1.8832,1.8832,0.1831,0.1557
CPIAUCSL,CPI-U: All Items,2019-04-01,255.233,0.376,2.0006,2.0006,0.1829,0.1653
CPIAUCSL,CPI-U: All Items,2019-05-01,255.296,0.0247,1.7959,1.7959,0.177,0.1486
CPIAUCSL,CPI-U: All Items,2019-06-01,255.213,-0.0325,1.6712,1.6712,0.1684,0.1383
CPIAUCSL,CPI-U: All Items,2019-07-01,255.802,0.2308,1.8263,1.8263,0.1762,0.1511
CPIAUCSL,CPI-U: All Items,2019-08-01,256.036,0.0915,1.7376,1.7376,0.1736,0.1438
CPIAUCSL,CPI-U: All Items,2019-09-01,256.43,0.1539,1.6845,1.6845,0.1706,0.1394
CPIAUCSL,CPI-U: All Items,2019-10-01,257.155,0.2827,1.734,1.734,0.172,0.1435
CPIAUCSL,CPI-U: All Items,2019-11-01,257.879,0.2815,2.0923,2.0923,0.1765,0.1728
CPIAUCSL,CPI-U: All Items,2019-12-01,258.63,0.2912,2.3195,2.3195,0.1776,0.1914
CPIAUCSL,CPI-U: All Items,2020-01-01,259.127,0.1922,2.5998,2.5998,0.1717,0.2142
CPIAUCSL,CPI-U: All Items,2020-02-01,259.25,0.0475,2.3413,2.3413,0.1686,0.1931
CPIAUCSL,CPI-U: All Items,2020-03-01,258.076,-0.4528,1.494,1.494,0.1573,0.1239
CPIAUCSL,CPI-U: All Items,2020-04-01,256.032,-0.792,0.313,0.313,0.1319,0.0265
CPIAUCSL,CPI-U: All Items,2020-05-01,255.802,-0.0898,0.1982,0.1982,0.1315,0.017
CPIAUCSL,CPI-U: All Items,2020-06-01,257.042,0.4847,0.7167,0.7167,0.1432,0.0601
CPIAUCSL,CPI-U: All Items,2020-07-01,258.352,0.5096,0.9969,0.9969,0.1564,0.0833
CPIAUCSL,CPI-U: All Items,2020-08-01,259.316,0.3731,1.2811,1.2811,0.1561,0.1068
CPIAUCSL,CPI-U: All Items,2020-09-01,259.997,0.2626,1.391,1.391,0.1492,0.1159
CPIAUCSL,CPI-U: All Items,2020-10-01,260.319,0.1238,1.2304,1.2304,0.1505,0.1026
CPIAUCSL,CPI-U: All Items,2020-11-01,260.911,0.2274,1.1757,1.1757,0.1494,0.0981
CPIAUCSL,CPI-U: All Items,2020-12-01,262.045,0.4346,1.3204,1.3204,0.1556,0.1101
CPIAUCSL,CPI-U: All Items,2021-01-01,262.639,0.2267,1.3553,1.3553,0.1501,0.113
CPIAUCSL,CPI-U: All Items,2021-02-01,263.573,0.3556,1.6675,1.6675,0.1525,0.1386
CPIAUCSL,CPI-U: All Items,2021-03-01,264.847,0.4834,2.6236,2.6236,0.1654,0.2167
CPIAUCSL,CPI-U: All Items,2021-04-01,266.625,0.6713,4.1374,4.1374,0.1768,0.3386
CPIAUCSL,CPI-U: All Items,2021-05-01,268.404,0.6672,4.9265,4.9265,0.1891,0.4017
CPIAUCSL,CPI-U: All Items,2021-06-01,270.71,0.8592,5.3174,5.3174,0.2104,0.4329
CPIAUCSL,CPI-U: All Items,2021-07-01,271.965,0.4636,5.2692,5.2692,0.2212,0.4291
CPIAUCSL,CPI-U: All Items,2021-08-01,272.752,0.2894,5.1813,5.1813,0.2242,0.4221
CPIAUCSL,CPI-U: All Items,2021-09-01,273.942,0.4363,5.3635,5.3635,0.2306,0.4365
CPIAUCSL,CPI-U: All Items,2021-10-01,276.528,0.944,6.2266,6.2266,0.2503,0.5049
CPIAUCSL,CPI-U: All Items,2021-11-01,278.824,0.8303,6.8656,6.8656,0.2754,0.5551
CPIAUCSL,CPI-U: All Items,2021-12-01,280.806,0.7108,7.1595,7.1595,0.2932,0.5781
CPIAUCSL,CPI-U: All Items,2022-01-01,282.542,0.6182,7.5781,7.5781,0.3126,0.6108
CPIAUCSL,CPI-U: All Items,2022-02-01,284.525,0.7018,7.9492,7.9492,0.3238,0.6396
CPIAUCSL,CPI-U: All Items,2022-03-01,287.467,1.034,8.5408,8.5408,0.342,0.6855
CPIAUCSL,CPI-U: All Items,2022-04-01,288.582,0.3879,8.2352,8.2352,0.3423,0.6619
CPIAUCSL,CPI-U: All Items,2022-05-01,291.299,0.9415,8.5301,8.5301,0.3678,0.6847
CPIAUCSL,CPI-U: All Items,2022-06-01,295.072,1.2952,8.9993,8.9993,0.4047,0.7211
CPIAUCSL,CPI-U: All Items,2022-07-01,294.94,-0.0447,8.4478,8.4478,0.397,0.6787
CPIAUCSL,CPI-U: All Items,2022-08-01,295.162,0.0753,8.2163,8.2163,0.3966,0.6609
CPIAUCSL,CPI-U: All Items,2022-09-01,296.421,0.4265,8.2058,8.2058,0.4042,0.6601
CPIAUCSL,CPI-U: All Items,2022-10-01,297.979,0.5256,7.7573,7.7573,0.4109,0.6252
CPIAUCSL,CPI-U: All Items,2022-11-01,298.708,0.2446,7.1314,7.1314,0.4099,0.5764
CPIAUCSL,CPI-U: All Items,2022-12-01,298.808,0.0335,6.4108,6.4108,0.4027,0.52
CPIAUCSL,CPI-U: All Items,2023-01-01,300.456,0.5515,6.3403,6.3403,0.4127,0.5144
CPIAUCSL,CPI-U: All Items,2023-02-01,301.476,0.3395,5.9576,5.9576,0.4208,0.4842
CPIAUCSL,CPI-U: All Items,2023-03-01,301.643,0.0554,4.9313,4.9313,0.4349,0.4027
CPIAUCSL,CPI-U: All Items,2023-04-01,302.858,0.4028,4.9469,4.9469,0.4681,0.4039
CPIAUCSL,CPI-U: All Items,2023-05-01,303.316,0.1512,4.1253,4.1253,0.4748,0.338
CPIAUCSL,CPI-U: All Items,2023-06-01,304.099,0.2581,3.0593,3.0593,0.4685,0.2516
CPIAUCSL,CPI-U: All Items,2023-07-01,304.615,0.1697,3.2803,3.2803,0.4591,0.2695
CPIAUCSL,CPI-U: All Items,2023-08-01,306.138,0.5,3.7186,3.7186,0.4626,0.3049
CPIAUCSL,CPI-U: All Items,2023-09-01,307.374,0.4037,3.6951,3.6951,0.4665,0.303
CPIAUCSL,CPI-U: All Items,2023-10-01,307.653,0.0908,3.2465,3.2465,0.4656,0.2667
CPIAUCSL,CPI-U: All Items,2023-11-01,308.087,0.1411,3.1399,3.1399,0.4632,0.2581
CPIAUCSL,CPI-U: All Items,2023-12-01,308.735,0.2103,3.3222,3.3222,0.457,0.2728
CPIAUCSL,CPI-U: All Items,2024-01-01,309.794,0.343,3.1079,3.1079,0.4602,0.2555
CPIAUCSL,CPI-U: All Items,2024-02-01,311.022,0.3964,3.1664,3.1664,0.4613,0.2602
CPIAUCSL,CPI-U: All Items,2024-03-01,312.107,0.3488,3.469,3.469,0.4576,0.2847
CPIAUCSL,CPI-U: All Items,2024-04-01,313.016,0.2912,3.354,3.354,0.4471,0.2754
CPIAUCSL,CPI-U: All Items,2024-05-01,313.14,0.0396,3.2389,3.2389,0.4296,0.2661
CPIAUCSL,CPI-U: All Items,2024-06-01,313.131,-0.0029,2.9701,2.9701,0.4057,0.2443
CPIAUCSL,CPI-U: All Items,2024-07-01,313.566,0.1389,2.9385,2.9385,0.3967,0.2418
CPIAUCSL,CPI-U: All Items,2024-08-01,314.131,0.1802,2.6109,2.6109,0.3936,0.2151
CPIAUCSL,CPI-U: All Items,2024-09-01,314.851,0.2292,2.4325,2.4325,0.3879,0.2006
CPIAUCSL,CPI-U: All Items,2024-10-01,315.564,0.2265,2.5714,2.5714,0.3679,0.2119
CPIAUCSL,CPI-U: All Items,2024-11-01,316.449,0.2805,2.7142,2.7142,0.3527,0.2235
CPIAUCSL,CPI-U: All Items,2024-12-01,317.603,0.3647,2.8724,2.8724,0.343,0.2363
CPIAUCSL,CPI-U: All Items,2025-01-01,319.086,0.4669,2.9994,2.9994,0.3388,0.2467
CPIAUCSL,CPI-U: All Items,2025-02-01,319.775,0.2159,2.8143,2.8143,0.3253,0.2316
CPIAUCSL,CPI-U: All Items,2025-03-01,319.615,-0.05,2.4056,2.4056,0.2952,0.1984
CPIAUCSL,CPI-U: All Items,2025-04-01,320.321,0.2209,2.3337,2.3337,0.2906,0.1925
CPIAUCSL,CPI-U: All Items,2025-05-01,320.58,0.0809,2.3759,2.3759,0.2667,0.196
CPIAUCSL,CPI-U: All Items,2025-06-01,321.5,0.287,2.6727,2.6727,0.2387,0.2201
CPIAUCSL,CPI-U: All Items,2025-07-01,322.132,0.1966,2.7318,2.7318,0.2454,0.2249
CPIAUCSL,CPI-U: All Items,2025-08-01,323.364,0.3825,2.9392,2.9392,0.2539,0.2418
